"Country Name","Country Code","Indicator Name","Indicator Code",Attribute,2013,2014,2015,2016,2017,2018,2019,2020,2021,2022,2023,"Base Year",
"Samoa","862","Consumer Prices, end of period, percent change","PCPIE_PCH","Value","-1.7319963536921","0.185528756957328","0.370370370370369","2.25608856088561","1.01686749693899","5.78180647415848","-0.0868479265800994","-3.28167420536743","4.07950005792583","10.8519948024727","5.50000000000055","",
"Malaysia","548","Consumer Prices, end of period, percent change","PCPIE_PCH","Value","3.22274881516588","2.66299357208447","2.68336314847943","1.74216027874564","3.51027397260275","0.165425971877575","0.990916597853016","-1.39002452984465","3.23383084577115","3.77510040160642","2.88897656610063","",
"Indonesia","536","Consumer Prices, period average, percent change","PCPI_PCH","Value","6.41097050173777","6.39741214157845","6.36106027510479","3.52732217689341","3.80924297662449","3.29158596944268","2.82002350019614","2.03269494176669","1.56007975153043","4.20945602440267","4.38192767148615","",
"Palau","565","Consumer Prices, period average, percent change","PCPI_PCH","Value","2.84502469792454","3.96235585068702","2.19935426991609","-1.3364086832722","1.09963888512099","1.9537089499179","0.60906224671135","0.680805452063966","0.449965163803173","8.74749899959951","7.89999999999973","",
"Solomon Islands","813","Consumer Prices, period average, percent change","PCPI_PCH","Value","5.24948989055839","5.29608741628477","-0.569085279102893","0.496591196027307","0.50251256281407","3.47499999999999","1.63485544012274","2.96354992076006","-0.107742034784676","5.50716486902865","4.79796796381497","",
"Sri Lanka","524","Gross domestic product, constant prices, National Currency, percent change","NGDP_RPCH","Value","4.05174005841877","6.37798041976485","4.2059541513106","5.05364102164202","6.46067852628732","2.31006369286922","-0.220475953342601","-3.47229605075647","3.3267766027088","-8.658632757233","-3.04984013772193","",
"Nepal","558","Consumer Prices, period average, percent change","PCPI_PCH","Value","9.87298003313404","9.03912540248897","7.21240127996437","9.93192063796282","4.45401209769144","4.14652907795273","4.63920399119232","6.14953320814495","3.59891850522921","6.25452457294125","7.77136323073614","",
"Cambodia","522","Balance of Payments, Current Account, Total, Net(BPM6), percent of GDP in U.S. dollars","BCA_GDP_BP6","Value","-8.46235396038824","-8.5566514193205","-8.73918674826056","-8.47888659587665","-7.90909296147308","-11.7698099977146","-15.0148934463763","-8.46580050855792","-47.4565114589982","-26.9188006083833","-12.1663521353138","",
"Philippines","566","Consumer Prices, period average, percent change","PCPI_PCH","Value","2.5916870415648","3.59389895138227","0.690162878439312","1.23377810272345","2.85275796695855","5.3102782410252","2.39206534422404","2.3931623931624","3.92718022100325","5.82115811213954","6.3369742512621","",
"Mongolia","948","Consumer Prices, end of period, percent change","PCPIE_PCH","Value","12","11.5714285714286","2.04865556978234","1.25470514429109","6.31970260223048","8.15850815850816","5.28017241379311","2.55885363357216","13.8722554890219","13.2340052585451","9.5","",
"Bhutan","514","Consumer Prices, period average, percent change","PCPI_PCH","Value","8.10901142742925","9.59942410919364","6.67056068148853","3.28086973015445","4.31419765142066","3.66058767573823","2.82123947984898","3.03913854723308","8.21533222944034","5.93743635789849","5.59152502352638","",
"Malaysia","548","Consumer Prices, period average, percent change","PCPI_PCH","Value","2.10501231233681","3.1429905087904","2.10438980238348","2.07579227302979","3.79939209726444","0.969113853447388","0.662891865764397","-1.13870215393031","2.47710241465446","3.37869862549908","2.88897656610009","",
"Australia","193","Unemployment rate","LUR","Value","5.65833333333333","6.05833333333334","6.05","5.70833333333333","5.58333333333333","5.29166666666667","5.19166666666667","6.49166666666667","5.1","3.70833333333333","3.96085498649543","",
"Singapore","576","Consumer Prices, period average, percent change","PCPI_PCH","Value","2.3586041539983","1.02514803039394","-0.522618167075243","-0.532268739716284","0.576260310166378","0.438620118446783","0.565260568780325","-0.181916666666694","2.30485959040491","6.12106004039415","5.79707036266385","",
"India","534","Gross domestic product, constant prices, National Currency, percent change","NGDP_RPCH","Value","6.38607101688697","7.41018857567871","7.9962612809862","8.25630701113243","6.79539396125669","6.45383876852665","3.87146061827025","-5.83103537480117","9.05026039079076","6.83062918192209","5.88989150205868","",
"Fiji","819","Unemployment rate","LUR","Value","6.36666666666667","6.2","5.5","5.5","4.5","4.5","4.5","13.3505711817562","9","6.5","5.5","",
"India","534","Consumer Prices, period average, percent change","PCPI_PCH","Value","9.39999999999974","5.8000000000005","4.89999999999998","4.49999999999954","3.60231039881109","3.42832156602441","4.76203426835919","6.17494894774704","5.50699372216374","6.67252194054013","4.94475393633082","",
"Vietnam","582","Gross domestic product, constant prices, National Currency, percent change","NGDP_RPCH","Value","5.5535106569421","6.42224332661276","6.98715423120834","6.69000890253613","6.94019040974902","7.46500674987132","7.35926274219453","2.86722059193513","2.56156125341931","8.01789749168434","5.76345809833038","",
"Kiribati","826","Consumer Prices, end of period, percent change","PCPIE_PCH","Value","0.831510249872282","3.11568371476453","0.633444361130975","0.74782653607298","2.4985997149964","-1.13367654714896","-0.906307637513994","2.76926581524664","2.53366922340272","16.1999999999999","-2.20000000000001","",
"China, P.R.: Mainland","924","Consumer Prices, period average, percent change","PCPI_PCH","Value","2.56845596509587","2.05085267736846","1.54188553268137","2.121217749875","1.52058058531416","1.92779718713566","2.9020407445816","2.48966553927136","0.852507104225586","1.87569202293811","1.98490793206913","",
"Sri Lanka","524","Consumer Prices, end of period, percent change","PCPIE_PCH","Value","4.64646464646464","1.35135135135136","4.57142857142857","4.46265938069217","7.14908456843941","2.76647681041496","4.82977038796517","4.22960725075528","12.1014492753623","57.207498383969","15.2144234787899","",
"China, P.R.: Hong Kong","532","Consumer Prices, end of period, percent change","PCPIE_PCH","Value","4.34258142340168","4.85549132947977","2.31532524807056","1.18534482758622","1.70394036208732","2.51308900523561","2.86006128702758","-0.893743793445885","2.40480961923848","1.95694716242661","2.46796593710364","",
"Vietnam","582","Consumer Prices, end of period, percent change","PCPIE_PCH","Value","6.0361250960075","1.83916209933333","0.597097329925695","4.73724753451867","2.59735516451939","2.98296514826081","5.23664701066823","0.187234072315773","1.80834501604547","4.60752116019626","4.73999999999998","",
"China, P.R.: Mainland","924","Gross domestic product, constant prices, National Currency, percent change","NGDP_RPCH","Value","7.77062110194113","7.39132222748215","7.01838662575656","6.85051140741568","6.94671762516273","6.7508629160124","5.95096594858045","2.24203884043408","8.44961129373317","2.98771685358717","5.237679872362","",
"Kiribati","826","Gross domestic product, constant prices, National Currency, percent change","NGDP_RPCH","Value","4.16161377801443","-1.0962750947392","9.8651241537476","-0.478157950618034","-0.0936275291471129","5.27883183395027","-2.14567646351308","-1.3841832226086","7.88634270712428","1.1538882069704","2.46740867948975","",
"Sri Lanka","524","Unemployment rate","LUR","Value","4.4","4.3","4.7","4.4","4.2","4.4","4.8","5.5","5.1","5.25","5","",
"Indonesia","536","Consumer Prices, end of period, percent change","PCPIE_PCH","Value","8.07788448888304","8.36275106512476","3.35879577623007","3.0214107162265","3.60797552484438","3.15650137460545","2.58612180436285","1.68382565188107","1.87358062074185","5.5080809957273","3.17837288764856","",
"Micronesia, Federated States of","868","Gross domestic product, constant prices, National Currency, percent change","NGDP_RPCH","Value","-3.67978653431383","-2.30577862714524","4.62189828080182","0.900187187079227","2.68217886684274","0.211658398706768","1.20000000000012","-1.81830248944221","-3.24675225240667","-0.630719517736932","2.84032838912575","",
"Lao People's Democratic Republic","544","Consumer Prices, period average, percent change","PCPI_PCH","Value","6.37142717782944","4.12924306873773","1.2773542710298","1.5969122758318","0.825478607568527","2.04039266890164","3.32255881256989","5.10407262959865","3.75351172924431","23.0000000000006","15.0999999999998","",
"Bhutan","514","Unemployment rate","LUR","Value","2.9","2.6","2.5","2.1","3.137514236379","3.4","2.72049487424865","5.02985912771495","4.8","5.9",,"",
"Kiribati","826","Consumer Prices, period average, percent change","PCPI_PCH","Value","-1.48805908468121","2.10398520925058","0.572015743633919","1.91731090233424","0.355520888546902","0.564030491492873","-1.81307995302909","2.55324554414617","2.05361676773941","5.33999999999994","8.59999999999958","",
"Papua New Guinea","853","Gross domestic product, constant prices, National Currency, percent change","NGDP_RPCH","Value","3.82494626617895","13.5437706227545","6.57554375313886","5.49235706252707","3.53461088359531","-0.279252336784451","4.48046415939824","-3.16738525450873","0.0704855516834124","4.53584218570791","3.6964580824901","",
"Cambodia","522","Consumer Prices, period average, percent change","PCPI_PCH","Value","2.94393278215224","3.85336048879881","1.21498200533585","3.03464705362248","2.90624533033896","2.4598700673705","1.94380498940871","2.9382645541811","2.92128228537726","5.32731617141854","2.98997269854247","",
"Indonesia","536","Balance of Payments, Current Account, Total, Net(BPM6), percent of GDP in U.S. dollars","BCA_GDP_BP6","Value","-3.17564905140395","-3.08731944644975","-2.03527596031986","-1.81890964716866","-1.59493752380626","-2.93786939375586","-2.70481209786974","-0.417236537815602","0.295581361039701","1.00213082366466","-0.273778341803164","",
"Samoa","862","Gross domestic product, constant prices, National Currency, percent change","NGDP_RPCH","Value","0.107292522947142","0.659924824457237","3.85036158777602","7.98386266368257","1.4062801774923","-0.609646342120654","4.4518586280655","-3.10858574453244","-7.08520722161645","-6.02145805729052","5.02052216751079","",
"Tonga","866","Consumer Prices, period average, percent change","PCPI_PCH","Value","0.675348430978167","2.28601609864329","0.0538171753672081","-0.620572368205841","7.20089946814991","6.78175555956356","3.28570456165314","0.42295265027354","1.41372141372175","8.51988519885166","9.68952310266559","",
"Nepal","558","Gross domestic product, constant prices, National Currency, percent change","NGDP_RPCH","Value","3.52515317381925","6.01148284080776","3.97605327398196","0.433113717776991","8.97727935421321","7.62237610768168","6.65705542802834","-2.36962062652862","4.24694014145481","5.83751553397294","4.39579809616244","",
"Taiwan Province of China","528","Consumer Prices, end of period, percent change","PCPIE_PCH","Value","0.338045482483096","0.602348136804496","0.131926121372027","1.69251038816256","1.2158660554116","-0.0590783773139054","1.14285714285714","0.0487044613286549","2.62876058806348","2.71321506498435","1.70000000000001","",
"Myanmar","518","Consumer Prices, end of period, percent change","PCPIE_PCH","Value","6.93413060249779","3.59792184321099","13.5905592836249","3.87715825009988","3.40304296955449","8.5875296840842","9.51124151940784","2.03368640178158","7.27720148344253","20.3753205981585","11.0788154093227","",
"Timor-Leste, Dem. Rep. of","537","Consumer Prices, period average, percent change","PCPI_PCH","Value","9.45062709768636","0.848838206293395","0.646148614181239","-1.46984287886468","0.522976680384051","2.29424307036251","0.892112723028507","0.487563011320722","3.77467105263159","7.00530945399828","3.99999999999999","",
"Myanmar","518","Consumer Prices, period average, percent change","PCPI_PCH","Value","6.38181900897633","5.73897892405398","7.25911207782999","9.09903443818972","4.62247948143854","5.94419623459347","8.62703436375121","5.72531732113845","3.64200971225579","16.2250602234139","14.1792866318618","",
"China, P.R.: Hong Kong","532","Gross domestic product, constant prices, National Currency, percent change","NGDP_RPCH","Value","3.10157433473549","2.7623797690857","2.38774715760366","2.17545126651291","3.79608685610379","2.84687792822815","-1.67239034575601","-6.54478129577512","6.44795767086617","-3.50704115082292","3.46520755966469","",
"Philippines","566","Gross domestic product, constant prices, National Currency, percent change","NGDP_RPCH","Value","6.75052734405045","6.34798641140418","6.34830459915464","7.14946066972465","6.93099331643121","6.34149005422049","6.11851767011264","-9.51830315521259","5.70315321577193","7.59925584414155","6.03323985987882","",
"China, P.R.: Hong Kong","532","Unemployment rate","LUR","Value","3.40068999507146","3.29622071245899","3.31522853043656","3.39277059258692","3.12436804853387","2.80474379503603","2.91639500476453","5.80834502998596","5.17517569243489","4.20000317995357","3.4336032053932","",
"New Zealand","196","Unemployment rate","LUR","Value","5.825","5.425","5.425","5.175","4.75","4.3","4.125","4.6","3.75","3.3","4.2731468292304","",
"Vanuatu","846","Consumer Prices, period average, percent change","PCPI_PCH","Value","1.45893371757923","0.798863838096929","2.48326875660444","0.842069084035054","3.06748466257669","2.3809523809524","2.71317829457364","5.34591194968553","2.34328358208956","4.58390455516347","3.50422697755337","",
"Singapore","576","Unemployment rate","LUR","Value","1.9","1.95","1.9","2.075","2.175","2.1","2.25","3","2.65","2.1","2.1","",
"Solomon Islands","813","Consumer Prices, end of period, percent change","PCPIE_PCH","Value","0.880088008800877","5.77971646673936","3.50515463917526","-2.19123505976096","2.13849287169042","3.78863409770688","2.68972142170991","-2.52572497661366","3.45489443378118","8.4939703153989","4.19785794547544","",
"Maldives","556","Gross domestic product, constant prices, National Currency, percent change","NGDP_RPCH","Value","7.28107403772864","7.32962606103488","2.88454861836132","6.33830053445279","7.20991020320347","8.12312893290285","6.88368877654294","-33.3605187715617","41.7466230552577","12.3257549887628","7.22505354645632","",
"Maldives","556","Balance of Payments, Current Account, Total, Net(BPM6), percent of GDP in U.S. dollars","BCA_GDP_BP6","Value","-4.30288041202048","-3.65559376767892","-7.48734135766596","-23.6384972569893","-21.6301385662412","-28.3800282767137","-26.6128717593446","-35.5318870605909","-7.89442128253051","-18.1127484096441","-16.0022063851361","",
"New Zealand","196","Balance of Payments, Current Account, Total, Net(BPM6), percent of GDP in U.S. dollars","BCA_GDP_BP6","Value","-3.17094238197755","-3.13766022448031","-2.82154708208317","-2.04741944917256","-2.824775893197","-4.19327753315614","-2.87413652383022","-1.03524665231058","-5.9803689533685","-8.88099115786382","-8.57204518748009","",
"Vanuatu","846","Balance of Payments, Current Account, Total, Net(BPM6), percent of GDP in U.S. dollars","BCA_GDP_BP6","Value","-3.47737543937957","4.72962518340669","-7.41140138343146","-2.42671798080442","-6.40959436815648","8.65676973762552","27.838808748255","7.89171725643054","0.84637552193876","-2.17815449344305","-3.63021313420473","",
"Japan","158","Unemployment rate","LUR","Value","4.00833333333335","3.58333333333335","3.375","3.10833333333332","2.825","2.44166666666667","2.35833333333333","2.78333333333333","2.81666666666667","2.55833333333333","2.3","",
"Bangladesh","513","Balance of Payments, Current Account, Total, Net(BPM6), percent of GDP in U.S. dollars","BCA_GDP_BP6","Value","1.32906148288884","0.678893414733004","1.23027698094491","1.60686858171618","-0.453099064509694","-2.97685769953032","-1.27833404177269","-1.45358867969729","-1.09906001563997","-4.06083428678731","-2.1417791976942","",
"Korea, Republic of","542","Consumer Prices, period average, percent change","PCPI_PCH","Value","1.30134754547416","1.27477446401318","0.706331772455779","0.971685739912208","1.9443323078636","1.47583935002643","0.383000303608051","0.537288023411818","2.49833333333299","5.0878876079286","3.54185500092902","",
"Samoa","862","Balance of Payments, Current Account, Total, Net(BPM6), percent of GDP in U.S. dollars","BCA_GDP_BP6","Value","-1.45382117240741","-8.63147093948176","-2.63509958220039","-4.23251107664617","-1.79266492864632","0.80097716249939","2.83924826237288","0.170738519592202","-14.6149162524932","-11.6326237093117","-3.31747700885081","",
"Malaysia","548","Balance of Payments, Current Account, Total, Net(BPM6), percent of GDP in U.S. dollars","BCA_GDP_BP6","Value","3.43489025588407","4.3267975155058","2.98696272795322","2.39316184643157","2.79061276242248","2.23068865005249","3.4981293522077","4.16721248236953","3.79845830000805","2.63981676382297","2.60796034274167","",
"Australia","193","Consumer Prices, end of period, percent change","PCPIE_PCH","Value","2.64705882352941","1.71919770773639","1.69014084507042","1.38504155124654","2.09471766848816","1.69491525423729","1.84210526315789","0.861326442721792","3.5866780529462","7.83182192910141","3.95726899099999","",
"Samoa","862","Consumer Prices, period average, percent change","PCPI_PCH","Value","-0.207134637514416","-1.23769987699879","1.92262785086044","0.0733232521299204","1.34629086208036","3.68344444341603","2.18898297312638","1.47998767168959","-3.0103567573169","8.74995842368845","10.0000000000002","",
"Japan","158","Consumer Prices, period average, percent change","PCPI_PCH","Value","0.33163825265014","2.75833564963979","0.799048194546759","-0.12383586819778","0.486529750964116","0.989484306307119","0.468720068593126","-0.0260657051192553","-0.234566342956607","2.49656488831767","2.73314165675507","",
"Korea, Republic of","542","Consumer Prices, end of period, percent change","PCPIE_PCH","Value","1.14347708163819","0.833431657531456","1.13184264834159","1.33796150205113","1.40748583172448","1.32039550451392","0.738473350305082","0.6127217481122","3.69779726901227","5.03652441368704","2.7","",
"Taiwan Province of China","528","Balance of Payments, Current Account, Total, Net(BPM6), percent of GDP in U.S. dollars","BCA_GDP_BP6","Value","9.73539771101067","11.3214689424259","13.6140254492112","13.1212518544291","14.062693000085","11.6354707022029","10.6287973027345","14.1938592698317","14.7691018604275","13.355933689507","11.8674722347583","",
"Marshall Islands, Republic of","867","Balance of Payments, Current Account, Total, Net(BPM6), percent of GDP in U.S. dollars","BCA_GDP_BP6","Value","-6.7265231957922","1.96835599840171","15.5708914428041","13.4631324514366","5.00176857959027","5.01716387438558","-24.5211420379102","22.1647125644483","7.62749209251269","-7.57340087060415","-2.85066523035027","",
"Mongolia","948","Balance of Payments, Current Account, Total, Net(BPM6), percent of GDP in U.S. dollars","BCA_GDP_BP6","Value","-37.6075657868883","-15.8207840804993","-8.16238181260198","-6.27278071254836","-10.0641535400361","-16.7088811593169","-15.2162859813721","-5.0673851072582","-12.8156880715641","-15.7630622867606","-14.0475481166656","",
"Thailand","578","Balance of Payments, Current Account, Total, Net(BPM6), percent of GDP in U.S. dollars","BCA_GDP_BP6","Value","-2.10138791400514","2.8580400539222","6.91847368246156","10.5050278386825","9.62751873102906","5.62216700377978","7.03342986094881","4.18230167439644","-2.10595618237041","-3.25987075835381","1.15851980143957","",
"Philippines","566","Unemployment rate","LUR","Value","7.075","6.8","6.275","5.475","5.725","5.325","5.1","10.4","7.78333333333333","5.4","5.25833333333333","",
"Brunei Darussalam","516","Balance of Payments, Current Account, Total, Net(BPM6), percent of GDP in U.S. dollars","BCA_GDP_BP6","Value","20.8832245309954","30.709426046046","16.6780000419779","12.8957666481644","16.3626214162212","6.90683580931287","6.64322691682768","4.27899453554496","11.2075929335136","26.5461788479702","16.5176611121863","",
"Cambodia","522","Consumer Prices, end of period, percent change","PCPIE_PCH","Value","4.67538580506338","1.04003391833903","2.84766064582577","3.87473263850253","2.23050097004179","1.63230140526947","3.07241130445739","2.87579883300918","3.70236326806213","2.87583537782778","2.98997269854227","",
"Singapore","576","Balance of Payments, Current Account, Total, Net(BPM6), percent of GDP in U.S. dollars","BCA_GDP_BP6","Value","15.7071875902089","17.9502135491878","18.6930222903094","17.7724480306165","18.1378090732291","15.7165300054649","16.154657184097","16.4514349336955","18.0214175741994","19.331957414686","15.5000000000002","",
"Brunei Darussalam","516","Consumer Prices, period average, percent change","PCPI_PCH","Value","0.389205051391696","-0.20710872475548","-0.488347423970154","-0.278693264259563","-1.26050565013932","1.02505179728342","-0.390522072068114","1.94031997246098","1.7334138792735","3.68253659663863","2","",
"Taiwan Province of China","528","Consumer Prices, period average, percent change","PCPI_PCH","Value","0.793023455623258","1.19509346790218","-0.304931979952024","1.39244463596158","0.620828159765995","1.34994119887997","0.559750277831927","-0.238905908451911","1.97121376265643","2.94759040475448","1.92","",
"Tonga","866","Gross domestic product, constant prices, National Currency, percent change","NGDP_RPCH","Value","0.312321349805439","2.01638696275429","1.17419432138208","6.57100810235448","3.32242087693911","0.24122442379864","0.706462605992616","0.488649248401261","-2.66749016606102","-1.95804757961573","2.50608693996258","",
"Micronesia, Federated States of","868","Consumer Prices, end of period, percent change","PCPIE_PCH","Value","0.961753384841446","0.666317572798559","-0.664571787728216","-0.740852899641859","1.02112534347018","2.49181274039846","1.3009441489065","-0.327971540329902","4.06860218748279","5.02009347324679","4.73918020174207","",
"Timor-Leste, Dem. Rep. of","537","Gross domestic product, constant prices, National Currency, percent change","NGDP_RPCH","Value","3.06825959782378","4.5120406887393","2.76107977290694","3.38536007320231","-3.05762487242135","-0.689947449010341","2.08148354045631","-8.28200179915792","2.85256737143526","3.29999999999958","2.20000000000016","",
"China, P.R.: Hong Kong","532","Consumer Prices, period average, percent change","PCPI_PCH","Value","4.33799342105254","4.42364532019709","2.99084819322581","2.40930743862214","1.49387243939532","2.40613432046537","2.88320853773994","0.25096202108081","1.5687583444589","1.88136707196912","2.29999999999967","",
"Taiwan Province of China","528","Unemployment rate","LUR","Value","4.18","3.96","3.78","3.92","3.76","3.71","3.73","3.85","3.95","3.66","3.66","",
"Marshall Islands, Republic of","867","Consumer Prices, end of period, percent change","PCPIE_PCH","Value","0.768302602408168","1.28932438863819","-3.84269622229155","-0.778698725211761","1.0176827179946","0.693800366586848","-1.65841251128824","1.54061387056561","2.93237977761745","0","2.19999999999971","",
"India","534","Consumer Prices, end of period, percent change","PCPIE_PCH","Value","7.66319772942289","5.27240773286468","5.25876460767946","3.56859635210151","4.59418070444104","2.46461688628625","6.66825434627267","4.86715784773409","6.34447519693398","6.25156613602342","4.47562194721134","",
"Thailand","578","Consumer Prices, period average, percent change","PCPI_PCH","Value","2.18548365741933","1.89428949027805","-0.899442193248708","0.188193428627602","0.665124102424025","1.06530958439358","0.705797442008768","-0.846687833862553","1.23128902934119","6.07741228434318","2.84300466111202","",
"Bhutan","514","Balance of Payments, Current Account, Total, Net(BPM6), percent of GDP in U.S. dollars","BCA_GDP_BP6","Value","-26.001858867058","-27.5171265739105","-27.8923141085846","-31.647853715226","-23.5750877224191","-18.4070843420936","-20.4856961617317","-15.7970116043037","-11.9811969505687","-32.0726913075263","-29.0157278503313","",
"Australia","193","Gross domestic product, constant prices, National Currency, percent change","NGDP_RPCH","Value","2.20326385634069","2.55967431114548","2.28312253789633","2.69085995870518","2.38287149710064","2.81541722718193","1.94346920205458","-1.81351382097537","5.19596780223039","3.66100077050414","1.59571674244086","",
"Australia","193","Balance of Payments, Current Account, Total, Net(BPM6), percent of GDP in U.S. dollars","BCA_GDP_BP6","Value","-3.35157100707151","-3.02718373437977","-4.62040443644762","-3.26245853043948","-2.55773452883342","-2.18423932813429","0.368280117793411","2.19453583410628","3.04585587527261","1.20109893161241","1.38449807375626","",
"Maldives","556","Consumer Prices, period average, percent change","PCPI_PCH","Value","3.99719593072969","2.44849852729866","1.37131467448897","0.801399849138961","2.27198351378659","1.36680251909672","1.32597695977742","-1.59390428274829","0.213054309500684","2.60077022885003","5.23606487679243","",
"Timor-Leste, Dem. Rep. of","537","Consumer Prices, end of period, percent change","PCPIE_PCH","Value","4.03397027600849","0.306122448979589","-0.610376398779241","0","0.614124872057312","2.13631739572737","0.298804780876491","1.19165839126117","5.29931305201177","6.89655172413794","3.99999999999999","",
"Tuvalu","869","Gross domestic product, constant prices, National Currency, percent change","NGDP_RPCH","Value","3.80490749238463","1.66735664601726","9.37888354359349","4.74584768025052","3.27959330813096","1.38725073701505","13.8219844304344","-4.27483167471406","1.80406238690083","0.677334627842038","4.26817009769676","",
"Palau","565","Gross domestic product, constant prices, National Currency, percent change","NGDP_RPCH","Value","-1.613144638085","4.43828766662275","9.63097447765293","3.68044838132263","-3.40000000000012","0.0487895627396129","0.360637378205431","-7.52132374601097","-12.1019910358848","-2.87000796290432","8.69999999999977","",
"New Zealand","196","Consumer Prices, end of period, percent change","PCPIE_PCH","Value","1.62536824585432","0.757581230230958","0.0835769286706742","1.33550015248254","1.59440604638214","1.88866799204728","1.85365853658566","1.43678160919567","5.94900849858298","7.21925133689844","3.33209000000029","",
"Palau","565","Consumer Prices, end of period, percent change","PCPIE_PCH","Value","3.70271988260256","3.83935222854453","0.299311731377143","0.356382553771871","0.657072002084007","2.64713509564915","-0.374380287132928","0.554283661107375","4.63228711661025","7.47922437673131","6.19999999999999","",
"Brunei Darussalam","516","Consumer Prices, end of period, percent change","PCPIE_PCH","Value","0.157102068450355","1.22949893534993","-1.39217380989242","-0.627376423958384","-0.460061816224917","-0.00641619754947742","0.273402034771375","1.9998740300211","2.18636663105351","3.28896187546498","2","",
"Brunei Darussalam","516","Unemployment rate","LUR","Value","7.7","6.9","7.7","8.5","9.3","8.69956780485597","6.82219345728407","6.82219345728407","6.82219345728407","6.82219345728407","6.82219345728406","",
"Micronesia, Federated States of","868","Consumer Prices, period average, percent change","PCPI_PCH","Value","2.13815805106577","0.723572809987014","0.033595070233984","-0.916286515345301","0.0977990006531992","1.04022822599775","2.20928918521875","0.964073770510937","1.77213622880662","5.02009347324685","4.73918020174262","",
"Thailand","578","Unemployment rate","LUR","Value","0.7","0.8","0.9","1","1.2","1.1","1","2","1.5","1","1","",
"Fiji","819","Consumer Prices, period average, percent change","PCPI_PCH","Value","2.90870794554829","0.519306474578496","1.37488542621431","3.86322538221311","3.34757834757805","4.08147637644554","1.77310182460299","-2.59524325887404","0.155855722131729","4.52019266394976","3.49999999999998","",
"Bangladesh","513","Consumer Prices, period average, percent change","PCPI_PCH","Value","6.77664017705442","7.34944123702826","6.40543703918904","5.91626420654107","5.44024561270542","5.78252445332755","5.47458277970125","5.64761146855949","5.55765641582408","6.1496770018373","8.61304704761704","",
"Brunei Darussalam","516","Gross domestic product, constant prices, National Currency, percent change","NGDP_RPCH","Value","-2.12499507326223","-2.50788721489626","-0.405207787126985","-2.46536035882399","1.32872651322024","0.0523710544671247","3.86884415900436","1.13357341125488","-1.59076248075973","-1.50961952115252","3.2631313130442","",
"New Zealand","196","Consumer Prices, period average, percent change","PCPI_PCH","Value","1.13441729709522","1.22753079465319","0.292696855873386","0.646224817742278","1.85078250182188","1.59829703801721","1.61963190184008","1.7145617000725","3.94112060778702","7.17222476016489","5.45022645780016","",
"Lao People's Democratic Republic","544","Gross domestic product, constant prices, National Currency, percent change","NGDP_RPCH","Value","8.0263002264265","7.61196344066161","7.26959177507826","7.02309187411005","6.85111755054174","6.28903315187294","4.65200000000037","-0.434963150438769","2.06138687732148","2.25213536039141","3.96702351956353","",
"Bangladesh","513","Gross domestic product, constant prices, National Currency, percent change","NGDP_RPCH","Value","6.01356662529809","6.06113795737845","6.55259787369099","7.11354064927549","6.59025995015948","7.31941229933884","7.88190218540252","3.44802562762527","6.93867912442446","7.09982877575156","5.5","",
"Solomon Islands","813","Gross domestic product, constant prices, National Currency, percent change","NGDP_RPCH","Value","5.23653299073139","1.18594739538483","1.67835482446218","5.55584985220422","3.07735544157943","2.7449682074452","1.74854998294098","-3.3818584341856","-0.565229656108451","-4.07083316427798","2.50644027430776","",
"Papua New Guinea","853","Consumer Prices, period average, percent change","PCPI_PCH","Value","4.96031746031737","5.22211720226851","5.99595778127104","6.67372881355924","5.42204568023835","4.41161390566961","3.92867290939608","4.87167398565551","4.48540639013938","6.60000000000002","5.39999999999996","",
"Fiji","819","Gross domestic product, constant prices, National Currency, percent change","NGDP_RPCH","Value","4.73422033743241","5.6035148093671","4.50201810843242","2.44475296721192","5.35363107429258","3.8126372191541","-0.582026223162998","-17.0006960311595","-5.1110457491251","14.5201832008653","6.98471905236926","",
"Vanuatu","846","Gross domestic product, constant prices, National Currency, percent change","NGDP_RPCH","Value","0.463390415135097","3.13686729438693","0.36652207538922","4.68875636558563","6.31730538443075","2.90023027256445","3.24118765540442","-4.99249142889525","0.64812263278757","1.85010087316341","3.46180505209337","",
"Sri Lanka","524","Consumer Prices, period average, percent change","PCPI_PCH","Value","6.93863319386297","2.7632865992827","2.23685254223845","3.98789665606394","6.5806162799373","4.27021351067524","4.30345753608621","4.55715756951593","5.95912336862792","46.3630025563561","28.5141137673454","",
"Japan","158","Consumer Prices, end of period, percent change","PCPIE_PCH","Value","1.39696702645481","2.55133585686527","0.197449521240383","0.266953750434476","0.549633848181118","0.871663694361765","0.518877596096011","-0.903780975463983","0.524182938046873","3.88070940430053","2.31815736299979","",
"Micronesia, Federated States of","868","Gross domestic product, constant prices, purchasing power parity, per capita, percent change","NGDP_R_PPP_PC_PCH","Value","-3.84776393104083","-2.47570859929619","4.43991826180576","0.724680736873654","2.50357280857227","0.0373495800113418","1.0239720534129","-1.98908038079819","-3.41504548883571","-0.803563098736249","2.66144724453426","",
"Tonga","866","Consumer Prices, end of period, percent change","PCPIE_PCH","Value","0.18744142455476","1.4967259120673","0.184331797235058","0.21437145001843","9.79223568839128","6.68896321070235","-0.121786833855787","-1.40280561122244","6.91056910569105","11.3117870722433","5.85749888772673","",
"China, P.R.: Hong Kong","532","Balance of Payments, Current Account, Total, Net(BPM6), percent of GDP in U.S. dollars","BCA_GDP_BP6","Value","1.51907122996799","1.39137866149124","3.31744824544803","3.95847843724666","4.568993451491","3.73851206003442","5.88845403758122","6.99286212664455","11.7985483146868","10.7255276185124","7.98530712587947","",
"Myanmar","518","Gross domestic product, constant prices, purchasing power parity, per capita, percent change","NGDP_R_PPP_PC_PCH","Value","7.0099253273868","7.27322636829847","6.54679200845744","5.51553460572369","4.90251674752459","5.59416776563262","5.97709187017443","2.47855882785143","-18.4762884013758","1.33496339168059","1.9790219816528","",
"Korea, Republic of","542","Gross domestic product, constant prices, National Currency, percent change","NGDP_RPCH","Value","3.16470863647185","3.20245379457361","2.80910326824134","2.94688171508626","3.15963574012776","2.90740377377135","2.24397786011013","-0.709409961771855","4.14531285658013","2.56053756558565","1.50486711325948","",
"Sri Lanka","524","Gross domestic product, constant prices, purchasing power parity, per capita, percent change","NGDP_R_PPP_PC_PCH","Value","3.24298230231739","5.38987038891423","3.25185099456039","3.89920540601958","5.26421221753731","1.24305518365886","-0.82913882992862","-3.98314114670577","2.22150281435161","-9.63570009955729","-4.0869040430912","",
"China, P.R.: Mainland","924","Balance of Payments, Current Account, Total, Net(BPM6), percent of GDP in U.S. dollars","BCA_GDP_BP6","Value","1.53979285640677","2.24288462673611","2.63663212324411","1.70427359174074","1.53828863858146","0.174333459759886","0.717612070291323","1.67425939649664","1.78667436502423","2.30717668878158","1.4064057439141","",
"Vietnam","582","Gross domestic product, constant prices, purchasing power parity, per capita, percent change","NGDP_R_PPP_PC_PCH","Value","4.43611421616172","5.28516657729894","5.83881310047591","5.55997882823329","5.82536909853921","6.33616215189451","5.33634557805012","1.70902128750557","1.60004206155592","6.98020055856027","4.83267698930997","",
"Maldives","556","Gross domestic product, constant prices, purchasing power parity, per capita, percent change","NGDP_R_PPP_PC_PCH","Value","5.51027209623788","5.55802271055463","1.18631656693062","4.58306019285269","5.44028290558615","6.33842787214459","5.11944615223223","-34.460482803407","39.4069261650335","10.4716845779507","5.45517628991688","",
"Solomon Islands","813","Gross domestic product, constant prices, purchasing power parity, per capita, percent change","NGDP_R_PPP_PC_PCH","Value","2.42514900175561","-1.52864241531749","-1.02808688632452","2.77738270643631","0.388395044292053","0.0969312206387978","-0.828502916954053","-5.78114279136123","-2.98289592359103","-6.4032638615515","0.0140891380421689","",
"Papua New Guinea","853","Gross domestic product, constant prices, purchasing power parity, per capita, percent change","NGDP_R_PPP_PC_PCH","Value","1.60935936735187","11.1586411858427","4.36808939685385","3.33728346422754","1.41953152961706","-2.31641935509566","2.34606223571629","-5.14555142031579","-1.9738261632745","2.40030895995109","1.57807239775003","",
"Vanuatu","846","Consumer Prices, end of period, percent change","PCPIE_PCH","Value","1.51079136690647","1.06307583274274","1.4726507713885","2.14236351071183","3.31529093369417","1.89914865749837","3.47043701799486","6.58385093167702","0.699300699300709","4.92845395510647","3.90000000000026","",
"Malaysia","548","Gross domestic product, constant prices, National Currency, percent change","NGDP_RPCH","Value","4.69369487121599","6.00665840671137","5.00714209876885","4.4498445120397","5.81268221574344","4.84313882260326","4.41322044984257","-5.53445621762531","3.09223399130502","8.69420994145257","4.48088263570743","",
"Singapore","576","Consumer Prices, end of period, percent change","PCPIE_PCH","Value","1.49893808201273","-0.0764556758279279","-0.639296069587634","0.163132137030996","0.375300948874092","0.464600655076858","0.761390767008392","0.0238936731544635","3.95146761687685","6.46023037371098","5.44999999999999","",
"Tuvalu","869","Gross domestic product, constant prices, purchasing power parity, per capita, percent change","NGDP_R_PPP_PC_PCH","Value","4.08486120923379","1.27239430821522","8.95396308755203","4.33892586936008","5.55282515587332","0.993376568398321","13.3798031979623","-4.64670950763468","1.40856896792613","0.286218376175567","3.86310399212736","",
"Marshall Islands, Republic of","867","Gross domestic product, constant prices, purchasing power parity, per capita, percent change","NGDP_R_PPP_PC_PCH","Value","3.5005362250275","-1.38953541754717","1.17437065868333","1.0612174425868","2.89326907193667","2.67080786742671","6.44997489808711","-1.99397352833254","0.869342450613162","0.474110260922577","2.16567065881454","",
"Kiribati","826","Gross domestic product, constant prices, purchasing power parity, per capita, percent change","NGDP_R_PPP_PC_PCH","Value","2.68637629942288","-2.45252023683005","8.33986618051502","-1.89498375519385","-1.51494758987845","3.74384498144822","-3.61505554797533","-2.90165447519845","6.29266376263225","-0.315365900331812","0.986706726612113","",
"Vietnam","582","Balance of Payments, Current Account, Total, Net(BPM6), percent of GDP in U.S. dollars","BCA_GDP_BP6","Value","3.6403363807425","3.7000642603466","-0.861242051280616","0.247689214060096","-0.595830098808715","1.89472003836964","3.66687837970331","4.34881940446659","-2.12876182830687","-0.877374234884366","0.218775678209975","",
"Malaysia","548","Unemployment rate","LUR","Value","3.1","2.875","3.15","3.45","3.425","3.325","3.275","4.525","4.65","3.825","3.625","",
"Philippines","566","Consumer Prices, end of period, percent change","PCPIE_PCH","Value","3.72093023255814","1.90582959641256","0.770077007700757","2.18340611353712","2.88461538461539","5.29595015576325","2.36686390532544","3.27552986512525","3.07835820895522","8.05429864253394","4.52540486679732","",
"Thailand","578","Gross domestic product, constant prices, purchasing power parity, per capita, percent change","NGDP_R_PPP_PC_PCH","Value","2.22253921424334","0.550320663110765","2.72014084683266","3.05004792655493","3.81867425078062","3.89466226354244","1.82544657960643","-6.3958679595687","1.34426299687286","2.45731338671438","3.25077912692678","",
"Singapore","576","Gross domestic product, constant prices, purchasing power parity, per capita, percent change","NGDP_R_PPP_PC_PCH","Value","3.13397914899266","2.59472315486743","1.76232468638903","2.26617300748154","4.45214734181411","3.09007521518671","0.17835346494738","-3.60084808580316","13.5191268484885","0.273797563646382","1.0989867270073","",
"Papua New Guinea","853","Consumer Prices, end of period, percent change","PCPIE_PCH","Value","2.89296046287359","6.65417057169629","6.32688927943756","6.6115702479339","4.70000000000007","4.80020262792969","2.73485886350975","5.14073435198221","5.70194344361808","6.20000000000002","5.19999999999993","",
"Japan","158","Balance of Payments, Current Account, Total, Net(BPM6), percent of GDP in U.S. dollars","BCA_GDP_BP6","Value","0.881593222846955","0.750882702154293","3.06973686585513","3.95267620911864","4.12779598063054","3.52758389237716","3.44550980633367","2.92851358903221","3.94209703994647","2.1253119234251","2.98776136833896","",
"Mongolia","948","Gross domestic product, constant prices, National Currency, percent change","NGDP_RPCH","Value","11.6489172317099","7.8852245802762","2.41030710562159","1.48978451241698","5.63687630153866","7.74488074373223","5.60224454409883","-4.55775245867732","1.63676959027932","4.84590835650338","4.5","",
"Japan","158","Gross domestic product, constant prices, National Currency, percent change","NGDP_RPCH","Value","2.00510017680304","0.296186583539061","1.56064586598245","0.753845330407381","1.675312997164","0.643409165124633","-0.402169128422656","-4.27863911006623","2.1445486765319","1.0751903470496","1.30228363857626","",
"China, P.R.: Mainland","924","Unemployment rate","LUR","Value","4.05","4.09","4.05","4.02","3.9","3.8","3.62","4.24","3.96","4.2","4.1","",
"Timor-Leste, Dem. Rep. of","537","Gross domestic product, constant prices, purchasing power parity, per capita, percent change","NGDP_R_PPP_PC_PCH","Value","1.28933093136187","2.59973981207141","0.87674310384118","1.43324142936387","-4.92677184415589","-2.62597245978363","21.1120382549351","29.3809372304373","3.29878840484485","-6.19985396797412","-36.0518844050566","",
"Fiji","819","Gross domestic product, constant prices, purchasing power parity, per capita, percent change","NGDP_R_PPP_PC_PCH","Value","4.24206334684165","5.10959389938103","4.03963894386881","1.5437784761448","4.43515155439612","3.24001221779561","-1.13041049403775","-17.4585157901122","-5.63444818848418","13.8884959437297","6.3945970158452","",
"Samoa","862","Gross domestic product, constant prices, purchasing power parity, per capita, percent change","NGDP_R_PPP_PC_PCH","Value","-0.74464199488469","-0.129770142951355","3.15806162163353","7.41213767887948","0.981673367506579","-0.999853616536162","3.94044501329438","-3.75172869385177","-7.70195427110576","-6.64526602936084","4.32342006734133","",
"Myanmar","518","Gross domestic product, constant prices, National Currency, percent change","NGDP_RPCH","Value","7.8986694782415","8.19983807972389","7.47269310609664","6.40840347630891","5.75006450029507","6.404977325147","6.75046017496286","3.18941630620377","-17.9377952358829","1.9709604269745","2.58297075422158","",
"Palau","565","Gross domestic product, constant prices, purchasing power parity, per capita, percent change","NGDP_R_PPP_PC_PCH","Value","-1.09331817348813","4.73951863775853","7.7560009559284","3.5872629429392","-3.55169938306241","-0.0241036875160061","0.119358869468504","-6.75322045318557","-12.3648963468442","-2.90787389208641","8.70652239134323","",
"Cambodia","522","Gross domestic product, constant prices, purchasing power parity, per capita, percent change","NGDP_R_PPP_PC_PCH","Value","6.22586682453676","6.02579100478535","5.93192601073813","5.7719712763282","5.91545864658969","6.39381967854267","6.30279297495104","-3.57811614982957","2.00632610162801","3.97234986436604","4.77162574239505","",
"Vanuatu","846","Gross domestic product, constant prices, purchasing power parity, per capita, percent change","NGDP_R_PPP_PC_PCH","Value","-1.79517265253264","0.818085886631833","-1.8900599796271","3.20521833480842","3.92681955661338","0.58698159106813","0.920071318955453","-8.14193074084811","-2.68829949701407","-1.52616608131883","0.0321111150841455","",
"Tuvalu","869","Consumer Prices, period average, percent change","PCPI_PCH","Value","2.01968735044482","1.12449713199159","3.13970748772328","3.49214661025546","4.08655982072618","2.15962748193883","3.49234344425626","1.85498647645719","6.21224855667941","11.4767884627424","5.89648694654274","",
"Fiji","819","Consumer Prices, end of period, percent change","PCPIE_PCH","Value","3.42716148171332","0.0994035785285348","1.58887785501503","3.91006842619731","2.82220131702718","4.84903934126336","-0.87260034904011","-2.8169014084509","2.98913043478257","3.60598065083514","3.00000000000027","",
"Taiwan Province of China","528","Gross domestic product, constant prices, National Currency, percent change","NGDP_RPCH","Value","2.48361381551693","4.71923353591411","1.46576851134458","2.16509289432403","3.3113763914057","2.78676988269404","3.06395006462285","3.3866359350105","6.52766325526482","2.45235893024199","2.1","",
"Indonesia","536","Gross domestic product, constant prices, National Currency, percent change","NGDP_RPCH","Value","5.5572636889101","5.00666842575499","4.87632230022123","5.03306918280178","5.06978590134917","5.17429153955026","5.01928768046283","-2.06551182934165","3.70305535690933","5.30859500543607","4.95249911549375","",
"Mongolia","948","Consumer Prices, period average, percent change","PCPI_PCH","Value","10.5818636300514","12.9473816400854","6.79341783411167","0.749609578344605","4.28851916916395","6.80737217598099","7.31978847759533","3.72579529737209","7.35894657888153","15.1529265641984","11.1670026292719","",
"Singapore","576","Gross domestic product, constant prices, National Currency, percent change","NGDP_RPCH","Value","4.81763099120676","3.93554027709006","2.97679931634807","3.60165603913244","4.54472821784424","3.57543271019112","1.3312613268995","-3.90105340221118","8.88235399664531","3.64697207108543","1.49540593420644","",
"Taiwan Province of China","528","Gross domestic product, constant prices, purchasing power parity, per capita, percent change","NGDP_R_PPP_PC_PCH","Value","2.2306440934556","4.45005481105218","1.21387142105999","1.957887966938","3.17370372617573","2.70962184730298","3.00199324173204","3.57042719477877","7.37496037425734","2.63448931821456","2.1599189657437","",
"China, P.R.: Mainland","924","Consumer Prices, end of period, percent change","PCPIE_PCH","Value","2.55299215364803","1.55304327966194","1.67547509276933","2.09024552090271","1.67912468854996","1.76859151928337","4.45979899497496","0.160352776107905","1.3908345007004","1.80598045988282","3.18429022061825","",
"India","534","Gross domestic product, constant prices, purchasing power parity, per capita, percent change","NGDP_R_PPP_PC_PCH","Value","5.01457693650699","6.08614167883396","6.72107503744004","6.98099119289094","5.56834393472201","5.30239623815437","2.811896538289","-6.72627440432124","8.00116515705947","5.82637120281089","4.91845197944007","",
"Bhutan","514","Consumer Prices, end of period, percent change","PCPIE_PCH","Value","12.8999999999999","8.10000000000008","4.80000000000012","3.59999999999954","4.90000000000026","2.50000000000013","2.6999999999999","4.53999999999989","7.42419245687377","6.53554504797649","4.64750499907646","",
"Lao People's Democratic Republic","544","Consumer Prices, end of period, percent change","PCPIE_PCH","Value","6.65045205141199","2.39929291606422","0.89678873261625","2.487325484011","0.148261290334588","1.48484164232208","6.28415869535028","3.22617666540131","5.26793121379433","39.2999999999996","-1.39999999999995","",
"Lao People's Democratic Republic","544","Balance of Payments, Current Account, Total, Net(BPM6), percent of GDP in U.S. dollars","BCA_GDP_BP6","Value","-26.5095639677038","-23.2732939042107","-22.3351140739101","-11.0342275882802","-11.1591524079983","-12.9634137684228","-9.1133245684839","-5.14739067643554","-0.579679875196238","-5.95690951332797","-2.61243422091591","",
"Marshall Islands, Republic of","867","Gross domestic product, constant prices, National Currency, percent change","NGDP_RPCH","Value","3.88508452665641","-1.02315259409389","1.55027766576106","1.43670433490371","3.275557904776","3.05227482781301","6.84548247375771","-1.62983744740095","1.67629719021807","1.27790314300995","2.98299602408505","",
"Timor-Leste, Dem. Rep. of","537","Balance of Payments, Current Account, Total, Net(BPM6), percent of GDP in U.S. dollars","BCA_GDP_BP6","Value","171.38167136235","75.5774177949927","12.7705030920622","-32.9866327073613","-17.7680470895419","-12.2254724148131","6.55388598644165","-14.2708372770201","1.29224848315601","-4.69879197862776","-42.3947443031678","",
"Kiribati","826","Balance of Payments, Current Account, Total, Net(BPM6), percent of GDP in U.S. dollars","BCA_GDP_BP6","Value","-5.47280211381636","31.4654598653313","32.9710863125162","10.759411921844","37.4474066279147","38.8415850804643","49.4730613678463","39.9936190255217","8.89629171338453","-3.99175038616865","8.38425376772204","",
"Marshall Islands, Republic of","867","Consumer Prices, period average, percent change","PCPI_PCH","Value","1.85076264172083","1.09780610068657","-2.23646260206184","-1.50755716500284","0.0633694613925267","0.755096331388368","-0.0793005411071627","-0.658454598582486","2.60492948562086","6.16261349901723","2.1999999999997","",
"Indonesia","536","Gross domestic product, constant prices, purchasing power parity, per capita, percent change","NGDP_R_PPP_PC_PCH","Value","4.11787788872071","3.61303292539778","3.47170909722575","3.85123815211048","3.92041457420298","4.05706034663979","3.93715328740064","-3.25869216337844","2.92424664343324","4.30837846495699","3.97902137470393","",
"Malaysia","548","Gross domestic product, constant prices, purchasing power parity, per capita, percent change","NGDP_R_PPP_PC_PCH","Value","2.25529927316364","4.29859404083089","3.39900863333483","2.97258589586739","4.52697416423776","3.67854961694184","3.96151119432208","-5.71130369401633","3.10489111027264","7.33484598183448","3.1940975842761","",
"Lao People's Democratic Republic","544","Gross domestic product, constant prices, purchasing power parity, per capita, percent change","NGDP_R_PPP_PC_PCH","Value","6.52164665618888","6.15313305377871","5.75294363906433","5.40883816816502","5.22414569884926","4.6870096952846","3.09867216893755","-1.89517982200606","0.609061054814792","1.54219335140059","2.52708604415615","",
"Cambodia","522","Gross domestic product, constant prices, National Currency, percent change","NGDP_RPCH","Value","7.35666514900594","7.14257110085412","7.0360871792774","6.86309209810824","6.99690369940155","7.46916920701471","7.05410693233345","-3.09600673057872","3.02638936264429","5.01207336300971","5.819341999819","",
"Fiji","819","Balance of Payments, Current Account, Total, Net(BPM6), percent of GDP in U.S. dollars","BCA_GDP_BP6","Value","-8.84011996578605","-5.5322374303901","-4.26158926747241","-3.54052750698319","-6.64779429735183","-8.38766362247438","-12.5791733656461","-12.7040927722507","-13.7328544610439","-12.1346936293711","-11.6607267045509","",
"Australia","193","Consumer Prices, period average, percent change","PCPI_PCH","Value","2.45049504950495","2.51268422324234","1.48479849163328","1.27728750580585","1.99495528548498","1.93345323741006","1.58800176444642","0.868432479374729","2.81962978906586","6.61503035377853","5.34838690992108","",
"Vietnam","582","Consumer Prices, period average, percent change","PCPI_PCH","Value","6.59529594264645","4.08455446637644","0.631200905175471","2.66824816969091","3.52098207673198","3.53998836381471","2.79651741330891","3.22239853103954","1.8327866842687","3.1905965062777","4.95644485128073","",
"Indonesia","536","Unemployment rate","LUR","Value","6.25","5.94","6.18","5.61","5.5","5.24","5.18","7.07","6.49","5.86","5.3","",
"Papua New Guinea","853","Balance of Payments, Current Account, Total, Net(BPM6), percent of GDP in U.S. dollars","BCA_GDP_BP6","Value","-31.4925363846643","14.2470123099106","24.6395267804432","28.4328241104389","28.4902602901332","24.4764644713418","19.964956090102","19.7045343751053","21.2920924976901","34.008987748032","24.6038184850576","",
"Vietnam","582","Unemployment rate","LUR","Value","2.18","2.1","2.33","2.3","2.24","2.19","2.17","2.48","3.2","2.32","2.42","",
"Nepal","558","Balance of Payments, Current Account, Total, Net(BPM6), percent of GDP in U.S. dollars","BCA_GDP_BP6","Value","2.86380065693776","3.99813081053662","4.38107226232491","5.45902831424064","-0.322657250566534","-7.09783241483333","-6.9289875789668","-1.01271678578365","-7.83673765788823","-12.8906538509961","-5.19093249410075","",
"Bhutan","514","Gross domestic product, constant prices, National Currency, percent change","NGDP_RPCH","Value","3.58246275885792","3.96768820480286","6.22112359319836","7.40849279403189","6.32159311492893","3.83534068716848","4.4254519715801","-2.34774453990015","-3.33239896687043","4.32488129562017","4.67915646040701","",
"Mongolia","948","Unemployment rate","LUR","Value","7.9","7.9","7.5","10","8.8","7.8","10","7","8.1","7.29","6.561","",
"New Zealand","196","Gross domestic product, constant prices, National Currency, percent change","NGDP_RPCH","Value","2.32724686257697","3.7511723901524","3.69080396475771","3.88382168762142","3.4600130357546","3.52382638628681","3.07454886066686","-1.47675661492037","6.08801639774716","2.43487962289125","1.0744739607725","",
"Nepal","558","Consumer Prices, end of period, percent change","PCPIE_PCH","Value","7.74886877828049","8.08398950131229","7.57649344341918","10.4392916544369","2.71084337349398","4.57995514921511","6.02061855670104","4.7763516141579","4.18739327344273","8.08095204161617","7.10159725262083","",
"Micronesia, Federated States of","868","Balance of Payments, Current Account, Total, Net(BPM6), percent of GDP in U.S. dollars","BCA_GDP_BP6","Value","-9.94095152247152","6.1097032808183","4.45714580234194","7.15498439105705","10.2785636008897","21.0395989459126","14.4556244688857","3.66108676886624","1.0748495725988","1.05681898890463","-0.507481873218078","",
"Thailand","578","Gross domestic product, constant prices, National Currency, percent change","NGDP_RPCH","Value","2.68749556320556","0.984468863619541","3.13404724911623","3.43515771692181","4.17768103210011","4.22287028746072","2.11455779628278","-6.1614098827958","1.56330896249317","2.6438493588758","3.40493880253416","",
"Bangladesh","513","Gross domestic product, constant prices, purchasing power parity, per capita, percent change","NGDP_R_PPP_PC_PCH","Value","4.81855684620424","5.10627012059444","5.65488825582971","5.68327301637319","5.82776346644258","6.48654153800633","4.48646575307241","4.17304875077493","5.83300334990873","5.02383651179803","4.95190677318196","",
"Australia","193","Gross domestic product, constant prices, purchasing power parity, per capita, percent change","NGDP_R_PPP_PC_PCH","Value","0.581217872127812","1.07356031917217","0.815055827301278","1.00096242744505","0.829976307155738","1.22484526707374","0.440668963332874","-2.2417274469723","4.67358079516451","2.8382944151827","0.391024449052232","",
"Tuvalu","869","Consumer Prices, end of period, percent change","PCPIE_PCH","Value","3.12411812684487","0.426415069653217","4.00088492353104","2.57046692131787","4.34465919576196","2.32745455478227","3.7031688987272","0.0811928161494318","9.77454539466185","13.5626675231593","5.8964869465427","",
"Philippines","566","Gross domestic product, constant prices, purchasing power parity, per capita, percent change","NGDP_R_PPP_PC_PCH","Value","5.069416677215","4.7202657453551","4.74511682775017","5.37286764194222","5.24752562862333","4.74274790987281","4.60522349511709","-10.7494598282868","4.33150612776328","6.27801374943444","4.79083309292096","",
"Mongolia","948","Gross domestic product, constant prices, purchasing power parity, per capita, percent change","NGDP_R_PPP_PC_PCH","Value","9.26629547231637","5.52035172408409","0.339546285825817","-0.532148808609982","3.71008885551145","5.7293713408751","3.73204470819519","-6.28254214464917","0.075022645180937","3.28569920800809","2.99566980147657","",
"China, P.R.: Hong Kong","532","Gross domestic product, constant prices, purchasing power parity, per capita, percent change","NGDP_R_PPP_PC_PCH","Value","2.53108343679542","2.16730470251901","1.592143502385","1.22821541085502","3.28234186128005","1.84556412012049","-2.10123757621398","-5.36443208085377","6.81038265678871","-2.60832448014726","3.90353217555229","",
"Korea, Republic of","542","Gross domestic product, constant prices, purchasing power parity, per capita, percent change","NGDP_R_PPP_PC_PCH","Value","2.69615096128953","2.55621950883497","2.26842940068582","2.53914472884351","2.87019696151147","2.46224621613314","1.88891460043071","-0.846206847609964","4.32919634329513","2.77904732991283","1.64267434169096","",
"Sri Lanka","524","Balance of Payments, Current Account, Total, Net(BPM6), percent of GDP in U.S. dollars","BCA_GDP_BP6","Value","-3.30076480509174","-2.40983857231825","-2.21140098739629","-1.98142668404697","-2.44632062689897","-2.96174756919118","-2.07133684369833","-1.39054724494312","-3.75728685302418","-1.93614628773375","-1.5735868592165","",
"Tuvalu","869","Balance of Payments, Current Account, Total, Net(BPM6), percent of GDP in U.S. dollars","BCA_GDP_BP6","Value","-10.8126770715364","-11.5786403016946","-46.4290192221616","-39.8672690474798","8.39304175774954","66.2065048685345","-11.1803151826359","17.4215244939829","34.5873945500716","4.10719137304829","-5.55757963282338","",
"Korea, Republic of","542","Balance of Payments, Current Account, Total, Net(BPM6), percent of GDP in U.S. dollars","BCA_GDP_BP6","Value","5.63673115784033","5.59314492622506","7.17024612402236","6.53102513869513","4.63508710704278","4.48983982718646","3.61361701036494","4.61502459214308","4.70622764167639","1.79138146949607","2.15540186046874","",
"Thailand","578","Consumer Prices, end of period, percent change","PCPIE_PCH","Value","1.67434072833821","0.596953478797858","-0.859422958870462","1.12487100103198","0.775589345851623","0.35443037974683","0.877901109989914","-0.270081024307288","2.16649949849548","5.89043785588062","2.32358904301224","",
"Brunei Darussalam","516","Gross domestic product, constant prices, purchasing power parity, per capita, percent change","NGDP_R_PPP_PC_PCH","Value","-3.24134772057936","-3.53638595134364","-1.56441002432823","-3.60046257448427","-0.84423285647227","-2.28508699582046","0.552410997386475","3.23956905494782","-1.34848794345472","-1.73536732471856","3.2631313130442","",
"New Zealand","196","Gross domestic product, constant prices, purchasing power parity, per capita, percent change","NGDP_R_PPP_PC_PCH","Value","1.494251666727","2.0800248914239","1.59581319333077","1.60196778603389","1.3435413256774","1.68442586849941","1.34823210242999","-3.41975221285258","5.5649552145922","2.15904958936945","0.377730445739034","",
"India","534","Balance of Payments, Current Account, Total, Net(BPM6), percent of GDP in U.S. dollars","BCA_GDP_BP6","Value","-1.73730980750505","-1.31369970791914","-1.04992054407896","-0.625371210164958","-1.83528112633003","-2.11559318639417","-0.865740917204527","0.89875123028403","-1.22819791521318","-2.61117994354939","-2.18337880561095","",
"Bhutan","514","Gross domestic product, constant prices, purchasing power parity, per capita, percent change","NGDP_R_PPP_PC_PCH","Value","2.32109664435101","2.70163104211046","4.28483832706824","6.10053554323688","5.02687148712037","3.2858951544708","3.99255263062861","-3.3014014711774","-4.26094899685991","3.32277851640153","3.67365065668622","",
"Nepal","558","Gross domestic product, constant prices, purchasing power parity, per capita, percent change","NGDP_R_PPP_PC_PCH","Value","3.3328561031973","5.70053323795102","3.41788430493811","-0.471182005325233","7.73126907501218","6.40186328661875","5.45191654079623","-4.08656858925305","2.84820025315504","4.41743400011666","2.99506089687558","",
"Solomon Islands","813","Balance of Payments, Current Account, Total, Net(BPM6), percent of GDP in U.S. dollars","BCA_GDP_BP6","Value","-2.99460579355082","-3.75499412650963","-2.69748864404446","-3.53476207857382","-4.27475033413192","-2.95985748856504","-9.51083906053143","-1.63146486797898","-5.06622169669665","-13.2934454089337","-12.6343450025287","",
"Tonga","866","Gross domestic product, constant prices, purchasing power parity, per capita, percent change","NGDP_R_PPP_PC_PCH","Value","0.84093463109675","2.55398011514274","1.70734939269007","7.65060162767382","3.39104906724214","0.36722325346021","0.833046219676002","0.614959080232718","-2.54514746326972","-1.83481313855974","2.63493260263109","",
"Philippines","566","Balance of Payments, Current Account, Total, Net(BPM6), percent of GDP in U.S. dollars","BCA_GDP_BP6","Value","4.00964908827626","3.6156395554219","2.37094924825434","-0.376262735538257","-0.652387889562995","-2.55939312118775","-0.808557833401948","3.2006500953559","-1.50798141013919","-4.41101253841935","-2.50501670785025","",
"Tonga","866","Balance of Payments, Current Account, Total, Net(BPM6), percent of GDP in U.S. dollars","BCA_GDP_BP6","Value","-9.6219913087126","-6.27085885807925","-10.0896713155643","-6.46438250836517","-6.36164260937606","-6.30981462593845","-0.821183500744385","-5.32928697449857","-5.24115613086426","-6.32191610417842","-10.9308946043451","",
"Korea, Republic of","542","Unemployment rate","LUR","Value","3.1","3.49166666666667","3.59166666666667","3.675","3.68333333333333","3.83333333333333","3.78333333333333","3.94166666666667","3.675","2.88333333333333","3.65","",
"Maldives","556","Consumer Prices, end of period, percent change","PCPIE_PCH","Value","3.06439662909266","1.17271943401751","1.15839136242899","1.82538005457423","2.23374336173882","0.539924681858698","1.71550749380074","-2.04404710554155","0.159983782866093","3.3490193341635","5.10000000000021","",
"Bangladesh","513","Consumer Prices, end of period, percent change","PCPIE_PCH","Value","8.04908119532624","6.96587698326493","6.25317484506723","5.53138595400915","5.94364410618812","5.54177713161729","5.51819139453828","6.02058055598204","5.64247428654221","7.56256427836817","8.10000000000005","",
"China, P.R.: Macao","546","Consumer Prices, end of period, percent change","PCPIE_PCH","Value","5.71674452913746","5.59367368298617","3.73348017621119","1.44389000955511","2.04081632653069","2.94358974358998","2.56052605360195","-0.864581309500756","0.99951004409549","0.766469389735223","2.50000000000027","",
"China, P.R.: Macao","546","Gross domestic product, constant prices, National Currency, percent change","NGDP_RPCH","Value","10.7526367917152","-2.04818851806383","-21.5144052695858","-0.679060845076171","9.98330550918197","6.46490121899958","-2.51237102547905","-54.2355720553493","19.2669616519174","-26.7617245629439","58.9000000000006","",
"China, P.R.: Macao","546","Consumer Prices, period average, percent change","PCPI_PCH","Value","5.50057779178564","6.04823452094035","4.56056338028152","2.36895749705922","1.22812404052817","3.00446293166953","2.75193081051932","0.811410511492058","0.0268022481401965","1.04500759193523","2.49999999999966","",
"China, P.R.: Macao","546","Gross domestic product, constant prices, purchasing power parity, per capita, percent change","NGDP_R_PPP_PC_PCH","Value","6.10376067947034","-6.46695146922944","-22.8006565128486","-0.386442168700996","8.60240962007573","4.18373836698927","-4.26244323485097","-54.4700552903168","19.2495045439473","-28.1977691793568","56.2438544739435","",
"China, P.R.: Macao","546","Unemployment rate","LUR","Value","1.85","1.7","1.825","1.9","1.975","1.8","1.725","2.55","2.95","3","2.65","",
"China, P.R.: Macao","546","Balance of Payments, Current Account, Total, Net(BPM6), percent of GDP in U.S. dollars","BCA_GDP_BP6","Value","39.3350920085743","32.7057326449786","23.3424569665676","26.5235080714164","30.7683091105303","33.0032293370218","33.6970160360761","14.8672603460967","5.84148528057102","-23.5321413871557","13.0669206082471","",
"Palau","565","Balance of Payments, Current Account, Total, Net(BPM6), percent of GDP in U.S. dollars","BCA_GDP_BP6","Value","-18.3163808532212","-22.9134991623384","-12.942536148086","-16.2027362785271","-23.1675981690023","-18.4744847387801","-31.3112927649495","-45.1391930426815","-57.5614183865323","-69.6112519232295","-55.7087076350908","",
"Japan","158","Gross domestic product, constant prices, purchasing power parity, per capita, percent change","NGDP_R_PPP_PC_PCH","Value","2.18067281660615","0.464307491486392","1.67422198547581","0.767666967046753","1.84705009280498","0.842846940674381","-0.185501865762156","-3.99569354047533","2.42274529577655","1.34613648558027","1.74933034989763","",
"Myanmar","518","Balance of Payments, Current Account, Total, Net(BPM6), percent of GDP in U.S. dollars","BCA_GDP_BP6","Value","-1.23196594685375","-4.4681536728888","-3.47231923688244","-4.20559874155102","-6.79324936449241","-4.70691992196963","-2.82673618719299","-3.3835255687283","-0.184176840913971","-1.37599360998835","-1.00321555147656","",
"China, P.R.: Mainland","924","Gross domestic product, constant prices, purchasing power parity, per capita, percent change","NGDP_R_PPP_PC_PCH","Value","7.13688955588581","6.67353880879013","6.49229245036282","6.1552217948617","6.35168228486802","6.34829030484919","5.60007024693241","2.09433626612417","8.41276022943967","2.99158360109797","5.2813719645708","",
"Singapore","576","General government net lending/borrowing, percent of fiscal year GDP","GGXCNL_GDP","Value","5.96265822342336","4.59960763420999","2.86157535741295","3.25991878059586","5.24951439997816","3.68021595467393","3.76589612675165","-6.77248686597584","1.17279200084877","0.441051920178157","3.09793626302819","",
"Kiribati","826","General government net lending/borrowing, percent of fiscal year GDP","GGXCNL_GDP","Value","12.8519437951783","39.3813982267522","47.8273764559956","23.2501214817583","40.3695177533682","6.16609094838977","13.3862345920394","4.44328521632547","-11.2011209814213","-19.8308671938984","-11.9032936787384","",
"Fiji","819","General government net lending/borrowing, percent of fiscal year GDP","GGXCNL_GDP","Value","-0.0787839783198062","-3.48385402553465","-3.94305544257896","-5.69866251314345","-2.09436881348097","-4.3758734608612","-3.59846771215547","-7.99386474125185","-13.6128017500765","-12.3529593048832","-8.50289975125574","",
"Solomon Islands","813","General government net lending/borrowing, percent of fiscal year GDP","GGXCNL_GDP","Value","3.7205720139918","2.33696410399895","1.18928707829249","-3.15545438610412","-0.908834621131664","1.48751106601281","-1.52406643778997","-2.43790339662994","-3.60937759976456","-4.12199121440165","-6.33374243794353","",
"China, P.R.: Mainland","924","General government net lending/borrowing, percent of fiscal year GDP","GGXCNL_GDP","Value","-0.836155368803879","-0.683024749774792","-2.54352795937123","-3.39191193845628","-3.40347177977032","-4.28349252626241","-6.10188032448469","-9.71811826635326","-6.04504200693258","-7.54353812986888","-6.87775308979098","",
"Samoa","862","General government net lending/borrowing, percent of fiscal year GDP","GGXCNL_GDP","Value","-3.81650560615686","-5.37618066055042","-3.78703313193623","-0.346326636350645","-1.9767510793946","0.0568952732354308","1.50702556109904","5.41714424820197","1.74468460533196","5.37260961977122","-2.04286042797403","",
"Bangladesh","513","General government net lending/borrowing, percent of fiscal year GDP","GGXCNL_GDP","Value","-2.85679487738731","-2.6189504910757","-3.28974475927752","-3.16291455834361","-4.16701397473384","-4.06846230463094","-5.40821916637457","-4.84044718653575","-3.60537344072152","-3.84823120804899","-5.63384466464672","",
"Brunei Darussalam","516","General government net lending/borrowing, percent of fiscal year GDP","GGXCNL_GDP","Value","13.0253193752426","3.57574869703533","-14.5226837596645","-21.6804364412387","-10.3966650741987","-3.58710264583858","-9.65104380551456","-15.7660002800868","-8.01798148914024","0.267476737419847","-5.36637699397578","",
"Mongolia","948","General government net lending/borrowing, percent of fiscal year GDP","GGXCNL_GDP","Value","-0.927077627998655","-3.72539418515984","-5.04296588566781","-15.2949604395147","-3.7160473689144","2.85428533969669","1.00270854257312","-9.24040291352489","-3.0454359850209","0.786415988158928","0.272485944474194","",
"China, P.R.: Hong Kong","532","General government net lending/borrowing, percent of fiscal year GDP","GGXCNL_GDP","Value","1.00755815478052","3.59204263001614","0.59505355615841","4.38747084239924","5.49275062605797","2.34997193686672","-0.582624182239262","-9.22952458693188","0.0081132922111166","-7.13822606505769","-3.88947001626709","",
"Indonesia","536","General government net lending/borrowing, percent of fiscal year GDP","GGXCNL_GDP","Value","-2.21677129040238","-2.14566747348386","-2.60350579694307","-2.48627391788306","-2.50906087780066","-1.80555819504007","-2.16121319768958","-6.09596643048273","-4.54002075425742","-2.3410096409079","-2.58508369653097","",
"Timor-Leste, Dem. Rep. of","537","General government net lending/borrowing, percent of fiscal year GDP","GGXCNL_GDP","Value","-14.3674087112637","-37.5282304174655","-33.1181150011356","-55.4060916840297","-33.5449559288313","-26.7689351823135","-25.4886870634085","-18.9360182245596","-19.470542210696","-26.6465798156596","-41.5384033030466","",
"Maldives","556","General government net lending/borrowing, percent of fiscal year GDP","GGXCNL_GDP","Value","-3.48684102989284","-2.41818957406363","-6.54776560639629","-9.99756096782188","-3.06062117046926","-5.2696816097587","-6.68092473418152","-23.5052241308366","-13.7984295697538","-12.0145898354113","-8.57442930590018","",
"Sri Lanka","524","General government net lending/borrowing, percent of fiscal year GDP","GGXCNL_GDP","Value","-5.00473416720414","-5.99164460388711","-6.63896311113689","-4.99748145902739","-5.09819793388886","-4.95552547320748","-7.51922790560208","-12.0604503880421","-11.6360058157214","-10.3864687337776",,"",
"Nepal","558","General government net lending/borrowing, percent of fiscal year GDP","GGXCNL_GDP","Value","1.57395431972356","1.34723327242561","0.577216036921517","1.16793542509531","-2.68906261390713","-5.83336514994775","-4.98709823533068","-5.36391864036703","-4.04937750644973","-3.30179505787649","-4.51881411353335","",
"Bhutan","514","General government net lending/borrowing, percent of fiscal year GDP","GGXCNL_GDP","Value","-5.03307910445543","2.92680518579393","-0.199832818404804","-1.93494733747543","-4.82181866089839","-1.6049773817197","-1.58625007933645","-1.92977302929798","-6.1876071349182","-7.54677240010252","-8.76323828479137","",
"Cambodia","522","General government net lending/borrowing, percent of fiscal year GDP","GGXCNL_GDP","Value","-2.61631911399934","-1.64267292148762","-0.646041445910049","-0.299682117878248","-0.774433653512618","0.661321757605734","2.96316555958476","-3.40057590759701","-7.06464798322931","-4.10008285186393","-4.98926311791089","",
"Marshall Islands, Republic of","867","General government net lending/borrowing, percent of fiscal year GDP","GGXCNL_GDP","Value","-0.232673053752213","3.26369264407117","2.81053979324881","3.88244129016935","4.41311060411911","2.53454630835918","-1.78336877939776","2.39914528646927","0.743046580553367","-2.80204676623036","-1.98723662242798","",
"Tonga","866","General government net lending/borrowing, percent of fiscal year GDP","GGXCNL_GDP","Value","-1.30414608408744","6.39671251730242","-2.75149162504086","1.4686983104847","3.57554918461817","2.92574052734341","3.16480185229582","5.37808922490192","-0.959448171074624","-0.71100114372378","-1.13181539606665","",
"Australia","193","General government net lending/borrowing, percent of fiscal year GDP","GGXCNL_GDP","Value","-2.81129426705463","-2.91860744714343","-2.78831294387059","-2.42264657484244","-1.71849436251712","-1.25993298026629","-4.40751379795398","-8.73800743249963","-6.26131477513717","-3.30186513584113","-3.05272058652366","",
"India","534","General government net lending/borrowing, percent of fiscal year GDP","GGXCNL_GDP","Value","-6.99961819625549","-7.07106856294053","-7.20508420425113","-7.12000971449934","-6.22723569400657","-6.37581545890431","-7.69407272034497","-12.8800987698898","-9.64565557622604","-9.59471134425391","-8.89540449324011","",
"Palau","565","General government net lending/borrowing, percent of fiscal year GDP","GGXCNL_GDP","Value","0.73924251793845","3.57218087106828","5.08938603964968","3.51864409322843","4.75951601070971","6.18812086177745","-0.373435737808955","-9.56294489832537","-16.291219466683","-10.1271398008939","-6.02636911923744","",
"Korea, Republic of","542","General government net lending/borrowing, percent of fiscal year GDP","GGXCNL_GDP","Value","0.826348703428101","0.600667080846283","0.521646175161657","1.64592921470357","2.18810477670022","2.56301718608624","0.371785246241604","-2.23308161656188","-0.0199839934969961","-0.924120582817448","-0.042284141215058","",
"Japan","158","General government net lending/borrowing, percent of fiscal year GDP","GGXCNL_GDP","Value","-7.61137297656028","-5.61605177684132","-3.67778966471164","-3.59960952640932","-3.09881335736874","-2.47140785236012","-3.04464386696872","-9.06406886961993","-6.15814975191093","-7.82036077890399","-6.38250472020286","",
"Thailand","578","General government net lending/borrowing, percent of fiscal year GDP","GGXCNL_GDP","Value","0.515540593751396","-0.800922330686012","0.13237768014578","0.56943005296401","-0.424881961436611","0.064059624990953","-0.815543585457425","-4.70882809194208","-7.03104003522522","-5.52527473240311","-3.14042479844684","",
"Taiwan Province of China","528","General government net lending/borrowing, percent of fiscal year GDP","GGXCNL_GDP","Value","-3.24238548949834","-2.72488984077749","-1.78237400938108","-2.19267221149435","-2.02205740354335","-1.86588725638728","-1.7759986001449","-2.91655102175994","-2.05903717620407","-0.496375426909638","-0.476375426909629","",
"Philippines","566","General government net lending/borrowing, percent of fiscal year GDP","GGXCNL_GDP","Value","0.221229828119164","0.799136299971424","0.479772016371302","-0.831189869860145","-0.751565458330372","-1.4836646491983","-1.46375001007487","-5.54321092395881","-6.30852060731173","-5.23658445753273","-4.19302232560554","",
"Lao People's Democratic Republic","544","General government net lending/borrowing, percent of fiscal year GDP","GGXCNL_GDP","Value","-4.03067423094083","-3.13223138335007","-5.57036460109101","-4.85281255114815","-5.50867160536596","-4.66321493900816","-3.34597829105553","-5.59554809089564","-1.2895013492327","-1.63247355866859","-3.35090897164581","",
"Micronesia, Federated States of","868","General government net lending/borrowing, percent of fiscal year GDP","GGXCNL_GDP","Value","2.86294393594536","11.1252498990842","10.3449557432097","7.25571282248945","14.240713306647","24.2250052848313","18.443337900573","6.04461377659758","1.07855964252085","1.59594844782606","1.36705276075529","",
"New Zealand","196","General government net lending/borrowing, percent of fiscal year GDP","GGXCNL_GDP","Value","-1.29170302230446","-0.339127980341369","0.362429709698571","0.975345485629447","1.35546639009076","1.26790035304851","-2.50888884024479","-4.36282517759461","-3.44224650393473","-4.18043669994414","-3.82771095748396","",
"Papua New Guinea","853","General government net lending/borrowing, percent of fiscal year GDP","GGXCNL_GDP","Value","-6.86973161820881","-6.26502418314879","-4.54972147661848","-4.74622004031295","-2.47470941002085","-2.57969711560959","-4.43134142448009","-8.85232886019064","-6.78596417734766","-5.43593459440706","-4.34063200439674","",
"Vanuatu","846","General government net lending/borrowing, percent of fiscal year GDP","GGXCNL_GDP","Value","-0.245634101433912","1.43789244364412","-8.99745808001983","-0.741912865446773","-1.2000853628977","6.25501131266622","2.81116798510935","-1.94721192425354","2.32830844336471","-6.60199851575219","-6.16300131235479","",
"Myanmar","518","General government net lending/borrowing, percent of fiscal year GDP","GGXCNL_GDP","Value","-1.69836675923343","-1.31529476901437","-2.78319262372441","-3.86796119811273","-2.85795897523783","-3.40240760845457","-3.90654813264861","-5.61008686138477","-11.0160491513159","-5.19261654697759","-4.78506382656452","",
"Malaysia","548","General government net lending/borrowing, percent of fiscal year GDP","GGXCNL_GDP","Value","-3.47822783217257","-2.62843746972535","-2.54588436629695","-2.6028737562113","-2.41182916502321","-2.64466840988216","-2.00979944973948","-4.89901269393512","-5.77172716755189","-5.30020888230741","-4.84329395452347","",
"Vietnam","582","General government net lending/borrowing, percent of fiscal year GDP","GGXCNL_GDP","Value","-5.96402579775735","-5.01668899607864","-4.9832236829024","-3.16397078159156","-1.96400658670943","-1.02105230846952","-0.396740695209025","-2.86116551034538","-3.4333307801313","-2.47621136884923","-3.31076650494005","",
"Tuvalu","869","General government net lending/borrowing, percent of fiscal year GDP","GGXCNL_GDP","Value","26.0526034409639","3.26182857038603","14.719872780723","27.4750680155406","2.09519335782381","30.3853300731468","-1.06542746960916","13.8810194628313","-13.8470300934068","11.271782116807","-5.74811306404124","",
"China, P.R.: Macao","546","General government net lending/borrowing, percent of fiscal year GDP","GGXCNL_GDP","Value","26.9861133361021","24.1603885853925","13.8171481210315","11.414560655481","13.2589096480601","13.3030045399578","14.4079054262609","-21.3125460714802","-17.5194368753715","-35.9449641095798","-12.416589937541","",
